gemeinde_id;gemeinde_name;median_income
1;Aeugst am Albis;92’532
2;Affoltern am Albis;61’356
3;Bonstetten;76’539
4;Hausen am Albis;78’796
5;Hedingen;79’364
6;Kappel am Albis;81’026
7;Knonau;73’241
8;Maschwanden;61’171
9;Mettmenstetten;74’935
10;Obfelden;65’073
11;Ottenbach;71’023
12;Rifferswil;77’937
13;Stallikon;88’026
14;Wettswil am Albis;99’525
21;Adlikon;66’381
22;Benken (ZH);70’432
23;Berg am Irchel;98’032
24;Buch am Irchel;70’083
25;Dachsen;70’957
26;Dorf;69’033
27;Feuerthalen;62’813
28;Flaach;64’353
29;Flurlingen;78’497
30;Andelfingen;73’043
31;Henggart;66’303
32;Humlikon;76’866
33;Kleinandelfingen;65’966
34;Laufen-Uhwiesen;83’864
35;Marthalen;70’082
37;Ossingen;61’075
38;Rheinau;59’253
39;Thalheim an der Thur;64’539
40;Trüllikon;60’838
41;Truttikon;62’637
43;Volken;72’095
51;Bachenbülach;66’217
52;Bassersdorf;65’923
53;Bülach;63’950
54;Dietlikon;68’145
55;Eglisau;71’489
56;Embrach;60’138
57;Freienstein-Teufen;67’371
58;Glattfelden;62’095
59;Hochfelden;68’854
60;Höri;55’289
61;Hüntwangen;72’654
62;Kloten;57’460
63;Lufingen;79’932
64;Nürensdorf;82’119
65;Oberembrach;72’341
66;Opfikon;62’533
67;Rafz;66’630
68;Rorbas;60’382
69;Wallisellen;74’322
70;Wasterkingen;63’898
71;Wil (ZH);74’418
72;Winkel;95’847
81;Bachs;63’775
82;Boppelsen;99’944
83;Buchs (ZH);64’454
84;Dällikon;62’866
85;Dänikon;67’406
86;Dielsdorf;61’471
87;Hüttikon;87’656
88;Neerach;95’432
89;Niederglatt;60’739
90;Niederhasli;61’120
91;Niederweningen;71’538
92;Oberglatt;54’517
93;Oberweningen;71’767
94;Otelfingen;72’054
95;Regensberg;80’009
96;Regensdorf;59’756
97;Rümlang;59’845
98;Schleinikon;64’350
99;Schöfflisdorf;78’923
100;Stadel;63’439
101;Steinmaur;67’432
102;Weiach;57’886
111;Bäretswil;64’246
112;Bubikon;68’672
113;Dürnten;61’917
114;Fischenthal;54’355
115;Gossau (ZH);67’865
116;Grüningen;70’004
117;Hinwil;60’383
118;Rüti (ZH);54’774
119;Seegräben;67’862
120;Wald (ZH);52’866
121;Wetzikon (ZH);57’644
131;Adliswil;76’667
135;Kilchberg (ZH);157’580
136;Langnau am Albis;79’204
137;Oberrieden;102’293
138;Richterswil;75’099
139;Rüschlikon;155’395
141;Thalwil;98’579
151;Erlenbach (ZH);155’322
152;Herrliberg;151’509
153;Hombrechtikon;65’035
154;Küsnacht (ZH);155’818
155;Männedorf;88’210
156;Meilen;118’181
157;Oetwil am See;58’932
158;Stäfa;85’398
159;Uetikon am See;99’780
160;Zumikon;152’218
161;Zollikon;146’796
172;Fehraltorf;67’722
173;Hittnau;68’955
176;Lindau;74’176
177;Pfäffikon;67’281
178;Russikon;76’514
180;Weisslingen;72’983
181;Wila;56’205
182;Wildberg;64’472
191;Dübendorf;68’378
192;Egg;78’411
193;Fällanden;76’017
194;Greifensee;77’095
195;Maur;94’897
196;Mönchaltorf;64’182
197;Schwerzenbach;67’553
198;Uster;67’569
199;Volketswil;67’646
200;Wangen-Brüttisellen;71’155
211;Altikon;67’838
213;Brütten;85’304
214;Dägerlen;64’636
215;Dättlikon;86’284
216;Dinhard;72’842
218;Ellikon an der Thur;70’783
219;Elsau;66’858
220;Hagenbuch;61’895
221;Hettlingen;82’669
223;Neftenbach;74’949
224;Pfungen;60’351
225;Rickenbach (ZH);63’120
226;Schlatt (ZH);62’220
227;Seuzach;74’467
228;Turbenthal;52’957
230;Winterthur;57’253
231;Zell (ZH);56’428
241;Aesch (ZH);96’696
242;Birmensdorf (ZH);73’985
243;Dietikon;52’009
244;Geroldswil;68’520
245;Oberengstringen;65’546
246;Oetwil an der Limmat;79’972
247;Schlieren;55’107
248;Uitikon;129’343
249;Unterengstringen;77’069
250;Urdorf;64’610
251;Weiningen (ZH);70’216
261;Zürich;70’394
292;Stammheim;61’517
293;Wädenswil;74’011
294;Elgg;59’901
295;Horgen;85’767
296;Illnau-Effretikon;59’436
297;Bauma;57’072
298;Wiesendangen;72’817
301;Aarberg;55’786
302;Bargen (BE);52’600
303;Grossaffoltern;55’736
304;Kallnach;56’382
305;Kappelen;60’398
306;Lyss;55’473
307;Meikirch;67’179
309;Radelfingen;55’240
310;Rapperswil (BE);60’449
311;Schüpfen;58’972
312;Seedorf (BE);57’579
321;Aarwangen;52’069
322;Auswil;44’346
323;Bannwil;51’432
324;Bleienbach;47’381
325;Busswil bei Melchnau;51’306
326;Gondiswil;44’478
329;Langenthal;51’387
331;Lotzwil;49’771
332;Madiswil;48’664
333;Melchnau;47’286
334;Obersteckholz;49’421
335;Oeschenbach;44’961
336;Reisiswil;49’782
337;Roggwil (BE);48’069
338;Rohrbach;43’513
339;Rohrbachgraben;42’499
340;Rütschelen;47’582
341;Schwarzhäusern;56’395
342;Thunstetten;51’855
344;Ursenbach;42’601
345;Wynau;49’257
351;Bern;57’064
352;Bolligen;72’585
353;Bremgarten bei Bern;76’545
354;Kirchlindach;74’810
355;Köniz;59’709
356;Muri bei Bern;83’842
357;Oberbalm;50’755
358;Stettlen;66’696
359;Vechigen;61’723
360;Wohlen bei Bern;66’437
361;Zollikofen;57’120
362;Ittigen;59’707
363;Ostermundigen;50’368
371;Biel/Bienne;44’973
372;Evilard;74’549
381;Arch;53’080
382;Büetigen;54’843
383;Büren an der Aare;56’056
385;Diessbach bei Büren;57’071
386;Dotzigen;51’802
387;Lengnau (BE);50’266
388;Leuzigen;51’350
389;Meienried;68’471
390;Meinisberg;54’041
391;Oberwil bei Büren;49’683
392;Pieterlen;48’300
393;Rüti bei Büren;49’034
394;Wengi;57’271
401;Aefligen;51’229
402;Alchenstorf;54’001
403;Bäriswil;59’826
404;Burgdorf;50’290
405;Ersigen;54’552
406;Hasle bei Burgdorf;47’031
407;Heimiswil;46’972
408;Hellsau;53’522
409;Hindelbank;56’211
410;Höchstetten;47’436
411;Kernenried;55’487
412;Kirchberg (BE);57’971
413;Koppigen;53’410
414;Krauchthal;55’932
415;Lyssach;52’619
416;Mötschwil;49’701
418;Oberburg;45’938
420;Rüdtligen-Alchenflüh;48’870
421;Rumendingen;45’422
422;Rüti bei Lyssach;54’960
423;Willadingen;54’330
424;Wynigen;48’784
431;Corgémont;52’269
432;Cormoret;49’850
433;Cortébert;46’138
434;Courtelary;51’238
435;La Ferrière;49’997
437;Mont-Tramelan;45’323
438;Orvin;50’319
441;Renan (BE);45’701
442;Romont (BE);53’643
443;Saint-Imier;44’030
444;Sonceboz-Sombeval;49’488
445;Sonvilier;43’566
446;Tramelan;48’171
448;Villeret;48’940
449;Sauge;49’200
450;Péry-La Heutte;48’347
491;Brüttelen;52’572
492;Erlach;59’081
493;Finsterhennen;49’895
494;Gals;58’963
495;Gampelen;57’410
496;Ins;59’210
497;Lüscherz;60’894
498;Müntschemier;56’039
499;Siselen;53’230
500;Treiten;58’218
501;Tschugg;60’737
502;Vinelz;57’597
533;Bätterkinden;55’314
535;Deisswil bei Münchenbuchsee;59’452
536;Diemerswil;66’019
538;Fraubrunnen;59’399
540;Jegenstorf;63’656
541;Iffwil;63’535
543;Mattstetten;64’642
544;Moosseedorf;56’421
546;Münchenbuchsee;56’252
551;Urtenen-Schönbühl;53’295
552;Utzenstorf;53’646
553;Wiggiswil;54’527
554;Wiler bei Utzenstorf;52’245
556;Zielebach;51’938
557;Zuzwil (BE);66’409
561;Adelboden;41’639
562;Aeschi bei Spiez;48’952
563;Frutigen;46’048
564;Kandergrund;40’860
565;Kandersteg;42’156
566;Krattigen;49’728
567;Reichenbach im Kandertal;46’153
571;Beatenberg;30’819
572;Bönigen;47’959
573;Brienz (BE);45’049
574;Brienzwiler;43’897
575;Därligen;46’936
576;Grindelwald;45’734
577;Gsteigwiler;48’654
578;Gündlischwand;44’444
579;Habkern;32’062
580;Hofstetten bei Brienz;42’711
581;Interlaken;47’948
582;Iseltwald;37’607
584;Lauterbrunnen;33’338
585;Leissigen;53’663
586;Lütschental;38’424
587;Matten bei Interlaken;47’596
588;Niederried bei Interlaken;41’303
589;Oberried am Brienzersee;45’161
590;Ringgenberg (BE);47’143
591;Saxeten;32’042
592;Schwanden bei Brienz;49’877
593;Unterseen;52’914
594;Wilderswil;46’843
602;Arni (BE);46’709
603;Biglen;51’348
605;Bowil;44’277
606;Brenzikofen;50’814
607;Freimettigen;54’890
608;Grosshöchstetten;55’971
609;Häutligen;57’040
610;Herbligen;52’385
611;Kiesen;60’988
612;Konolfingen;55’147
613;Landiswil;42’000
614;Linden;44’274
615;Mirchel;51’409
616;Münsingen;60’055
617;Niederhünigen;52’767
619;Oberdiessbach;53’282
620;Oberthal;44’807
622;Oppligen;54’890
623;Rubigen;60’630
626;Walkringen;46’179
627;Worb;55’576
628;Zäziwil;49’018
629;Oberhünigen;44’280
630;Allmendingen;73’758
632;Wichtrach;56’695
661;Clavaleyres;33’803
662;Ferenbalm;53’813
663;Frauenkappelen;61’287
665;Gurbrü;52’297
666;Kriechenwil;52’190
667;Laupen;55’005
668;Mühleberg;60’121
669;Münchenwiler;58’422
670;Neuenegg;55’532
671;Wileroltigen;54’250
681;Belprahon;50’586
683;Champoz;47’253
687;Corcelles (BE);43’710
690;Court;47’496
691;Crémines;44’160
692;Eschert;42’250
694;Grandval;48’979
696;Loveresse;53’457
700;Moutier;43’234
701;Perrefitte;48’695
703;Reconvilier;42’406
704;Roches (BE);43’540
706;Saicourt;45’827
707;Saules (BE);42’093
708;Schelten;29’323
709;Seehof;32’262
711;Sorvilier;44’045
713;Tavannes;43’898
715;Rebévelier;33’704
716;Petit-Val;42’201
717;Valbirse;45’493
723;La Neuveville;59’731
724;Nods;54’232
726;Plateau de Diesse;51’300
731;Aegerten;49’073
732;Bellmund;78’539
733;Brügg;48’035
734;Bühl;65’490
735;Epsach;52’762
736;Hagneck;55’725
737;Hermrigen;57’318
738;Jens;62’238
739;Ipsach;59’476
740;Ligerz;72’219
741;Merzligen;64’419
742;Mörigen;88’868
743;Nidau;46’501
744;Orpund;49’630
745;Port;62’299
746;Safnern;55’860
747;Scheuren;57’059
748;Schwadernau;56’203
749;Studen (BE);51’825
750;Sutz-Lattrigen;61’751
751;Täuffelen;58’016
754;Walperswil;56’155
755;Worben;55’307
756;Twann-Tüscherz;63’703
761;Därstetten;41’115
762;Diemtigen;43’411
763;Erlenbach im Simmental;44’337
766;Oberwil im Simmental;40’744
767;Reutigen;49’650
768;Spiez;55’110
769;Wimmis;45’998
770;Stocken-Höfen;47’983
782;Guttannen;47’205
783;Hasliberg;38’613
784;Innertkirchen;47’711
785;Meiringen;50’326
786;Schattenhalb;46’764
791;Boltigen;39’361
792;Lenk;43’363
793;St. Stephan;40’539
794;Zweisimmen;45’606
841;Gsteig;54’413
842;Lauenen;48’870
843;Saanen;82’353
852;Guggisberg;38’897
853;Rüschegg;46’014
855;Schwarzenburg;49’585
861;Belp;58’319
863;Burgistein;51’957
866;Gerzensee;70’755
867;Gurzelen;49’712
868;Jaberg;57’491
869;Kaufdorf;57’664
870;Kehrsatz;60’771
872;Kirchdorf (BE);55’605
877;Niedermuhlern;53’194
879;Riggisberg;51’356
880;Rüeggisberg;44’195
881;Rümligen;55’420
883;Seftigen;52’689
884;Toffen;58’822
885;Uttigen;58’254
886;Wattenwil;47’834
888;Wald (BE);60’551
889;Thurnen;54’906
901;Eggiwil;40’758
902;Langnau im Emmental;47’000
903;Lauperswil;44’929
904;Röthenbach im Emmental;39’980
905;Rüderswil;46’703
906;Schangnau;40’269
907;Signau;42’966
908;Trub;36’229
909;Trubschachen;40’088
921;Amsoldingen;54’778
922;Blumenstein;47’887
923;Buchholterberg;48’200
924;Eriz;38’541
925;Fahrni;54’233
927;Heiligenschwendi;46’665
928;Heimberg;54’159
929;Hilterfingen;73’534
931;Homberg;44’242
932;Horrenbach-Buchen;33’993
934;Oberhofen am Thunersee;67’281
935;Oberlangenegg;42’810
936;Pohlern;48’236
938;Sigriswil;52’193
939;Steffisburg;53’706
940;Teuffenthal (BE);37’995
941;Thierachern;53’914
942;Thun;52’418
943;Uebeschi;48’856
944;Uetendorf;53’995
945;Unterlangenegg;46’719
946;Wachseldorn;39’877
947;Zwieselberg;53’777
948;Forst-Längenbühl;51’589
951;Affoltern im Emmental;43’630
952;Dürrenroth;41’569
953;Eriswil;38’999
954;Huttwil;45’095
955;Lützelflüh;46’425
956;Rüegsau;48’874
957;Sumiswald;43’187
958;Trachselwald;43’217
959;Walterswil (BE);44’856
960;Wyssachen;39’941
971;Attiswil;53’794
972;Berken;48’073
973;Bettenhausen;48’952
975;Farnern;52’135
976;Graben;47’374
977;Heimenhausen;52’894
979;Herzogenbuchsee;51’094
980;Inkwil;50’934
981;Niederbipp;51’323
982;Niederönz;51’458
983;Oberbipp;56’152
985;Ochlenberg;42’872
987;Rumisberg;56’416
988;Seeberg;49’121
989;Thörigen;50’211
990;Walliswil bei Niederbipp;52’887
991;Walliswil bei Wangen;56’425
992;Wangen an der Aare;55’490
993;Wangenried;51’806
995;Wiedlisbach;50’225
1001;Doppleschwand;49’599
1002;Entlebuch;48’797
1004;Flühli;41’463
1005;Hasle (LU);44’526
1007;Romoos;38’119
1008;Schüpfheim;47’295
1009;Werthenstein;46’559
1010;Escholzmatt-Marbach;42’132
1021;Aesch (LU);62’190
1022;Altwis;55’265
1023;Ballwil;61’796
1024;Emmen;48’871
1025;Ermensee;61’437
1026;Eschenbach (LU);62’450
1030;Hitzkirch;60’576
1031;Hochdorf;55’105
1032;Hohenrain;59’243
1033;Inwil;64’010
1037;Rain;69’113
1039;Römerswil;55’988
1040;Rothenburg;62’853
1041;Schongau;59’776
1051;Adligenswil;70’708
1052;Buchrain;63’369
1053;Dierikon;58’632
1054;Ebikon;57’411
1055;Gisikon;75’786
1056;Greppen;72’648
1057;Honau;66’905
1058;Horw;89’438
1059;Kriens;56’216
1061;Luzern;59’827
1062;Malters;54’663
1063;Meggen;119’136
1064;Meierskappel;75’507
1065;Root;58’345
1066;Schwarzenberg;55’610
1067;Udligenswil;77’153
1068;Vitznau;81’864
1069;Weggis;88’025
1081;Beromünster;55’870
1082;Büron;54’859
1083;Buttisholz;56’895
1084;Eich;86’100
1085;Geuensee;59’009
1086;Grosswangen;54’844
1088;Hildisrieden;79’904
1089;Knutwil;68’269
1091;Mauensee;81’927
1093;Neuenkirch;58’210
1094;Nottwil;63’791
1095;Oberkirch;68’878
1097;Rickenbach (LU);52’603
1098;Ruswil;53’223
1099;Schenkon;84’871
1100;Schlierbach;61’810
1102;Sempach;72’756
1103;Sursee;58’971
1104;Triengen;54’235
1107;Wolhusen;50’064
1121;Alberswil;53’072
1122;Altbüron;57’348
1123;Altishofen;60’012
1125;Dagmersellen;56’485
1127;Egolzwil;62’898
1128;Ettiswil;53’829
1129;Fischbach;47’212
1130;Gettnau;46’303
1131;Grossdietwil;51’678
1132;Hergiswil bei Willisau;44’794
1135;Luthern;40’181
1136;Menznau;47’736
1137;Nebikon;58’829
1139;Pfaffnau;56’516
1140;Reiden;52’449
1142;Roggliswil;51’647
1143;Schötz;51’681
1145;Ufhusen;49’403
1146;Wauwil;57’840
1147;Wikon;56’312
1150;Zell (LU);49’507
1151;Willisau;53’118
1201;Altdorf (UR);59’232
1202;Andermatt;65’166
1203;Attinghausen;56’851
1204;Bauen;55’642
1205;Bürglen (UR);52’769
1206;Erstfeld;50’081
1207;Flüelen;63’613
1208;Göschenen;47’647
1209;Gurtnellen;41’254
1210;Hospental;39’878
1211;Isenthal;38’335
1212;Realp;62’935
1213;Schattdorf;56’797
1214;Seedorf (UR);60’557
1215;Seelisberg;48’287
1216;Silenen;47’782
1217;Sisikon;51’946
1218;Spiringen;39’095
1219;Unterschächen;42’836
1220;Wassen;43’099
1301;Einsiedeln;61’367
1311;Gersau;59’443
1321;Feusisberg;230’909
1322;Freienbach;153’082
1323;Wollerau;232’577
1331;Küssnacht (SZ);91’822
1341;Altendorf;105’423
1342;Galgenen;74’948
1343;Innerthal;46’637
1344;Lachen;88’852
1345;Reichenburg;62’953
1346;Schübelbach;57’289
1347;Tuggen;67’899
1348;Vorderthal;50’828
1349;Wangen (SZ);66’572
1361;Alpthal;59’147
1362;Arth;58’374
1363;Illgau;46’217
1364;Ingenbohl;61’395
1365;Lauerz;57’274
1366;Morschach;57’580
1367;Muotathal;48’475
1368;Oberiberg;57’995
1369;Riemenstalden;32’886
1370;Rothenthurm;53’632
1371;Sattel;64’754
1372;Schwyz;61’762
1373;Steinen;57’623
1374;Steinerberg;57’397
1375;Unteriberg;51’921
1401;Alpnach;58’475
1402;Engelberg;104’798
1403;Giswil;51’383
1404;Kerns;55’888
1405;Lungern;57’859
1406;Sachseln;60’370
1407;Sarnen;79’701
1501;Beckenried;70’064
1502;Buochs;61’340
1503;Dallenwil;53’578
1504;Emmetten;62’534
1505;Ennetbürgen;79’480
1506;Ennetmoos;60’871
1507;Hergiswil (NW);154’171
1508;Oberdorf (NW);57’990
1509;Stans;64’912
1510;Stansstad;81’755
1511;Wolfenschiessen;49’835
1630;Glarus Nord;55’295
1631;Glarus Süd;48’415
1632;Glarus;55’485
1701;Baar;95’677
1702;Cham;89’155
1703;Hünenberg;103’519
1704;Menzingen;65’066
1705;Neuheim;94’954
1706;Oberägeri;127’677
1707;Risch;93’224
1708;Steinhausen;78’934
1709;Unterägeri;88’324
1710;Walchwil;145’260
1711;Zug;145’162
2008;Châtillon (FR);64’948
2009;Cheiry;46’958
2011;Cugy (FR);53’538
2016;Fétigny;52’953
2022;Gletterens;58’026
2025;Lully (FR);55’257
2027;Ménières;59’717
2029;Montagny (FR);51’940
2035;Nuvilly;51’141
2038;Prévondavaux;40’399
2041;Saint-Aubin (FR);57’371
2043;Sévaz;54’660
2044;Surpierre;49’121
2045;Vallon;56’646
2050;Les Montets;53’750
2051;Delley-Portalban;61’020
2053;Belmont-Broye;53’745
2054;Estavayer;54’834
2055;Cheyres-Châbles;59’640
2061;Auboranges;64’190
2063;Billens-Hennens;50’140
2066;Chapelle (Glâne);58’510
2067;Le Châtelard;48’185
2068;Châtonnaye;48’986
2072;Ecublens (FR);59’742
2079;Grangettes;55’671
2086;Massonnens;57’759
2087;Mézières (FR);52’601
2089;Montet (Glâne);57’720
2096;Romont (FR);49’306
2097;Rue;56’272
2099;Siviriez;54’416
2102;Ursy;56’678
2113;Vuisternens-devant-Romont;52’241
2114;Villorsonnens;53’149
2115;Torny;54’856
2117;Villaz;53’096
2121;Haut-Intyamon;46’307
2122;Pont-en-Ogoz;60’354
2123;Botterens;57’736
2124;Broc;49’734
2125;Bulle;53’611
2128;Châtel-sur-Montsalvens;51’105
2129;Corbières;58’101
2130;Crésuz;74’819
2131;Echarlens;61’804
2134;Grandvillard;57’418
2135;Gruyères;53’671
2137;Hauteville;57’102
2138;Jaun;38’421
2140;Marsens;62’068
2143;Morlon;65’319
2145;Le Pâquier (FR);61’778
2147;Pont-la-Ville;62’203
2148;Riaz;59’114
2149;La Roche;58’194
2152;Sâles;56’661
2153;Sorens;56’719
2155;Vaulruz;55’703
2160;Vuadens;54’807
2162;Bas-Intyamon;49’843
2163;Val-de-Charmey;51’786
2171;Arconciel;60’802
2173;Autigny;55’809
2174;Avry;67’209
2175;Belfaux;57’401
2177;Chénens;57’266
2183;Corminboeuf;74’586
2186;Cottens (FR);57’708
2189;Ependes (FR);54’709
2194;Ferpicloz;60’686
2196;Fribourg;50’699
2197;Givisiez;59’209
2198;Granges-Paccot;55’158
2200;Grolley;54’653
2206;Marly;55’581
2208;Matran;63’809
2211;Neyruz (FR);63’875
2216;Pierrafortscha;73’485
2217;Ponthaux;55’498
2220;Le Mouret;53’947
2225;Senèdes;47’707
2226;Treyvaux;51’992
2228;Villars-sur-Glâne;61’034
2230;Villarsel-sur-Marly;59’654
2233;Hauterive (FR);57’057
2234;La Brillaz;61’301
2235;La Sonnaz;58’866
2236;Gibloux;56’531
2237;Prez;59’274
2250;Courgevaux;63’509
2254;Courtepin;54’483
2257;Cressier (FR);60’521
2258;Fräschels;61’164
2259;Galmiz;56’401
2260;Gempenach;63’082
2261;Greng;131’140
2262;Gurmels;58’808
2265;Kerzers;58’527
2266;Kleinbösingen;70’782
2271;Meyriez;72’179
2272;Misery-Courtion;53’242
2274;Muntelier;86’067
2275;Murten;61’230
2276;Ried bei Kerzers;66’221
2278;Ulmiz;55’177
2284;Mont-Vully;70’938
2291;Alterswil;53’020
2292;Brünisried;53’571
2293;Düdingen;57’797
2294;Giffers;52’563
2295;Bösingen;59’512
2296;Heitenried;53’865
2299;Plaffeien;47’047
2300;Plasselb;49’761
2301;Rechthalten;54’881
2302;St. Antoni;55’611
2303;St. Silvester;47’006
2304;St. Ursen;51’008
2305;Schmitten (FR);56’866
2306;Tafers;59’020
2307;Tentlingen;50’955
2308;Ueberstorf;58’697
2309;Wünnewil-Flamatt;53’316
2321;Attalens;63’648
2323;Bossonnens;54’244
2325;Châtel-Saint-Denis;57’772
2328;Granges (Veveyse);58’537
2333;Remaufens;64’440
2335;Saint-Martin (FR);53’505
2336;Semsales;52’302
2337;Le Flon;53’887
2338;La Verrerie;51’230
2401;Egerkingen;57’686
2402;Härkingen;62’821
2403;Kestenholz;58’801
2404;Neuendorf;58’825
2405;Niederbuchsiten;56’110
2406;Oberbuchsiten;58’183
2407;Oensingen;56’177
2408;Wolfwil;59’437
2421;Aedermannsdorf;56’199
2422;Balsthal;53’496
2423;Gänsbrunnen;49’106
2424;Herbetswil;49’215
2425;Holderbank (SO);52’303
2426;Laupersdorf;52’747
2427;Matzendorf;55’489
2428;Mümliswil-Ramiswil;50’279
2429;Welschenrohr;47’768
2445;Biezwil;60’101
2455;Lüterkofen-Ichertswil;69’126
2456;Lüterswil-Gächliwil;58’093
2457;Messen;62’229
2461;Schnottwil;64’028
2463;Unterramsern;76’798
2464;Lüsslingen-Nennigkofen;63’967
2465;Buchegg;62’720
2471;Bättwil;68’642
2472;Büren (SO);65’731
2473;Dornach;76’475
2474;Gempen;71’988
2475;Hochwald;83’086
2476;Hofstetten-Flüh;82’667
2477;Metzerlen-Mariastein;68’713
2478;Nuglar-St. Pantaleon;68’922
2479;Rodersdorf;73’893
2480;Seewen;62’602
2481;Witterswil;78’219
2491;Hauenstein-Ifenthal;60’180
2492;Kienberg;50’412
2493;Lostorf;65’273
2495;Niedergösgen;54’080
2497;Obergösgen;51’055
2498;Rohr (SO);54’127
2499;Stüsslingen;66’080
2500;Trimbach;47’473
2501;Winznau;55’377
2502;Wisen (SO);60’637
2503;Erlinsbach (SO);58’298
2511;Aeschi (SO);63’784
2513;Biberist;53’238
2514;Bolken;56’633
2516;Deitingen;59’470
2517;Derendingen;51’089
2518;Etziken;58’677
2519;Gerlafingen;47’871
2520;Halten;64’840
2523;Horriwil;66’058
2524;Hüniken;70’735
2525;Kriegstetten;59’259
2526;Lohn-Ammannsegg;71’408
2527;Luterbach;55’930
2528;Obergerlafingen;57’675
2529;Oekingen;62’348
2530;Recherswil;55’242
2532;Subingen;57’474
2534;Zuchwil;47’895
2535;Drei Höfe;57’374
2541;Balm bei Günsberg;77’164
2542;Bellach;53’705
2543;Bettlach;64’685
2544;Feldbrunnen-St. Niklaus;116’255
2545;Flumenthal;54’522
2546;Grenchen;49’685
2547;Günsberg;62’532
2548;Hubersdorf;61’451
2549;Kammersrohr;99’826
2550;Langendorf;59’663
2551;Lommiswil;65’684
2553;Oberdorf (SO);72’261
2554;Riedholz;68’589
2555;Rüttenen;61’964
2556;Selzach;56’556
2571;Boningen;55’982
2572;Däniken;56’435
2573;Dulliken;48’102
2574;Eppenberg-Wöschnau;50’020
2575;Fulenbach;57’809
2576;Gretzenbach;58’501
2578;Gunzgen;57’144
2579;Hägendorf;62’496
2580;Kappel (SO);63’081
2581;Olten;56’182
2582;Rickenbach (SO);65’370
2583;Schönenwerd;49’977
2584;Starrkirch-Wil;70’990
2585;Walterswil (SO);54’879
2586;Wangen bei Olten;58’810
2601;Solothurn;61’344
2611;Bärschwil;50’884
2612;Beinwil (SO);47’579
2613;Breitenbach;56’868
2614;Büsserach;64’462
2615;Erschwil;57’163
2616;Fehren;54’048
2617;Grindel;49’500
2618;Himmelried;67’560
2619;Kleinlützel;48’095
2620;Meltingen;56’686
2621;Nunningen;58’160
2622;Zullwil;49’585
2701;Basel;66’923
2702;Bettingen;150’392
2703;Riehen;88’013
2761;Aesch (BL);65’825
2762;Allschwil;68’767
2763;Arlesheim;89’100
2764;Biel-Benken;95’141
2765;Binningen;94’612
2766;Birsfelden;53’433
2767;Bottmingen;103’523
2768;Ettingen;71’023
2769;Münchenstein;63’905
2770;Muttenz;67’883
2771;Oberwil (BL);84’311
2772;Pfeffingen;105’809
2773;Reinach (BL);71’019
2774;Schönenbuch;80’947
2775;Therwil;76’411
2781;Blauen;73’460
2782;Brislach;55’805
2783;Burg im Leimental;70’696
2784;Dittingen;52’431
2785;Duggingen;66’694
2786;Grellingen;54’414
2787;Laufen;54’614
2788;Liesberg;52’458
2789;Nenzlingen;62’884
2790;Roggenburg;45’131
2791;Röschenz;64’098
2792;Wahlen;55’845
2793;Zwingen;54’964
2821;Arisdorf;69’168
2822;Augst;65’357
2823;Bubendorf;64’350
2824;Frenkendorf;60’610
2825;Füllinsdorf;67’175
2826;Giebenach;65’144
2827;Hersberg;70’561
2828;Lausen;57’935
2829;Liestal;59’320
2830;Lupsingen;73’530
2831;Pratteln;53’538
2832;Ramlinsburg;80’867
2833;Seltisberg;80’772
2834;Ziefen;64’355
2841;Anwil;56’735
2842;Böckten;71’171
2843;Buckten;58’591
2844;Buus;61’040
2845;Diepflingen;65’018
2846;Gelterkinden;58’438
2847;Häfelfingen;62’905
2848;Hemmiken;57’935
2849;Itingen;61’465
2850;Känerkinden;67’016
2851;Kilchberg (BL);61’051
2852;Läufelfingen;56’436
2853;Maisprach;68’756
2854;Nusshof;89’715
2855;Oltingen;53’427
2856;Ormalingen;61’269
2857;Rickenbach (BL);61’279
2858;Rothenfluh;57’957
2859;Rümlingen;52’604
2860;Rünenberg;59’745
2861;Sissach;67’690
2862;Tecknau;53’374
2863;Tenniken;63’269
2864;Thürnen;58’151
2865;Wenslingen;60’230
2866;Wintersingen;58’920
2867;Wittinsburg;67’000
2868;Zeglingen;55’227
2869;Zunzgen;56’805
2881;Arboldswil;73’146
2882;Bennwil;62’283
2883;Bretzwil;53’190
2884;Diegten;60’099
2885;Eptingen;50’598
2886;Hölstein;59’389
2887;Lampenberg;73’789
2888;Langenbruck;47’379
2889;Lauwil;53’164
2890;Liedertswil;56’176
2891;Niederdorf;55’992
2892;Oberdorf (BL);51’740
2893;Reigoldswil;53’225
2894;Titterten;56’652
2895;Waldenburg;52’124
2901;Gächlingen;55’136
2903;Löhningen;65’073
2904;Neunkirch;57’353
2914;Büttenhardt;65’182
2915;Dörflingen;69’091
2917;Lohn (SH);63’479
2919;Stetten (SH);89’697
2920;Thayngen;57’656
2931;Bargen (SH);51’528
2932;Beringen;57’916
2933;Buchberg;100’324
2936;Merishausen;56’045
2937;Neuhausen am Rheinfall;49’504
2938;Rüdlingen;82’169
2939;Schaffhausen;56’908
2951;Beggingen;49’468
2952;Schleitheim;52’284
2953;Siblingen;60’521
2961;Buch (SH);56’698
2962;Hemishofen;62’472
2963;Ramsen;53’061
2964;Stein am Rhein;58’230
2971;Hallau;52’444
2972;Oberhallau;52’361
2973;Trasadingen;50’238
2974;Wilchingen;53’809
3001;Herisau;53’028
3002;Hundwil;43’940
3003;Schönengrund;50’610
3004;Schwellbrunn;50’075
3005;Stein (AR);61’330
3006;Urnäsch;47’343
3007;Waldstatt;52’467
3021;Bühler;49’849
3022;Gais;60’673
3023;Speicher;66’453
3024;Teufen (AR);80’057
3025;Trogen;57’391
3031;Grub (AR);52’191
3032;Heiden;56’106
3033;Lutzenberg;57’579
3034;Rehetobel;54’286
3035;Reute (AR);54’459
3036;Wald (AR);49’819
3037;Walzenhausen;53’752
3038;Wolfhalden;55’282
3101;Appenzell;67’522
3102;Gonten;57’230
3103;Rüte;74’746
3104;Schlatt-Haslen;54’210
3105;Schwende;58’458
3111;Oberegg;53’110
3201;Häggenschwil;59’789
3202;Muolen;55’375
3203;St. Gallen;53’351
3204;Wittenbach;53’032
3211;Berg (SG);63’282
3212;Eggersriet;59’818
3213;Goldach;56’663
3214;Mörschwil;86’023
3215;Rorschach;45’042
3216;Rorschacherberg;59’182
3217;Steinach;57’867
3218;Tübach;71’412
3219;Untereggen;62’509
3231;Au (SG);56’581
3232;Balgach;62’827
3233;Berneck;61’612
3234;Diepoldsau;57’228
3235;Rheineck;47’542
3236;St. Margrethen;46’278
3237;Thal;57’950
3238;Widnau;57’184
3251;Altstätten;52’073
3252;Eichberg;54’931
3253;Marbach (SG);55’087
3254;Oberriet (SG);53’010
3255;Rebstein;51’940
3256;Rüthi (SG);51’795
3271;Buchs (SG);54’630
3272;Gams;54’261
3273;Grabs;53’900
3274;Sennwald;52’411
3275;Sevelen;49’882
3276;Wartau;49’485
3291;Bad Ragaz;57’450
3292;Flums;45’339
3293;Mels;52’628
3294;Pfäfers;46’916
3295;Quarten;48’563
3296;Sargans;53’436
3297;Vilters-Wangs;53’659
3298;Walenstadt;56’135
3311;Amden;58’781
3312;Benken (SG);56’008
3313;Kaltbrunn;55’424
3315;Schänis;51’743
3316;Weesen;59’591
3338;Schmerikon;61’012
3339;Uznach;54’899
3340;Rapperswil-Jona;71’259
3341;Gommiswald;59’958
3342;Eschenbach (SG);59’978
3352;Ebnat-Kappel;47’418
3359;Wildhaus-Alt St. Johann;43’954
3360;Nesslau;48’289
3372;Hemberg;46’277
3374;Lichtensteig;46’597
3375;Oberhelfenschwil;48’901
3378;Neckertal;43’643
3379;Wattwil;47’972
3392;Kirchberg (SG);53’959
3393;Lütisburg;52’551
3394;Mosnang;50’036
3395;Bütschwil-Ganterschwil;50’663
3401;Degersheim;48’973
3402;Flawil;51’428
3405;Jonschwil;59’070
3407;Oberuzwil;56’661
3408;Uzwil;53’495
3422;Niederbüren;57’447
3423;Niederhelfenschwil;62’634
3424;Oberbüren;60’961
3426;Zuzwil (SG);70’478
3427;Wil (SG);57’374
3441;Andwil (SG);63’426
3442;Gaiserwald;66’693
3443;Gossau (SG);56’469
3444;Waldkirch;57’714
3506;Vaz/Obervaz;50’906
3513;Lantsch/Lenz;43’432
3514;Schmitten (GR);40’633
3542;Albula/Alvra;40’043
3543;Surses;39’499
3544;Bergün Filisur;42’406
3551;Brusio;39’703
3561;Poschiavo;44’026
3572;Falera;43’224
3575;Laax;47’496
3581;Sagogn;45’369
3582;Schluein;47’232
3603;Vals;43’247
3618;Lumnezia;42’420
3619;Ilanz/Glion;46’119
3633;Fürstenau;59’892
3637;Rothenbrunnen;48’388
3638;Scharans;54’190
3640;Sils im Domleschg;52’999
3661;Cazis;44’893
3662;Flerden;46’106
3663;Masein;54’624
3668;Thusis;45’883
3669;Tschappina;35’540
3670;Urmein;54’455
3672;Safiental;40’416
3673;Domleschg;51’711
3681;Avers;41’751
3695;Sufers;53’713
3701;Andeer;45’616
3703;Casti-Wergenstein;46’655
3705;Donat;45’151
3707;Lohn (GR);33’365
3708;Mathon;33’121
3711;Rongellen;47’183
3712;Zillis-Reischen;50’190
3713;Ferrera;44’415
3714;Rheinwald;42’506
3721;Bonaduz;58’666
3722;Domat/Ems;54’193
3723;Rhäzüns;55’140
3731;Felsberg;61’765
3732;Flims;49’925
3733;Tamins;54’966
3734;Trin;54’169
3746;Zernez;54’806
3752;Samnaun;49’055
3762;Scuol;51’550
3764;Valsot;47’225
3781;Bever;67’135
3782;Celerina/Schlarigna;70’507
3783;Madulain;39’375
3784;Pontresina;64’084
3785;La Punt-Chamues-ch;53’150
3786;Samedan;60’162
3787;St. Moritz;91’394
3788;S-chanf;78’803
3789;Sils im Engadin/Segl;58’909
3790;Silvaplana;63’002
3791;Zuoz;56’030
3792;Bregaglia;43’030
3804;Buseno;35’874
3805;Castaneda;47’240
3808;Rossa;51’477
3810;Santa Maria in Calanca;63’204
3821;Lostallo;47’697
3822;Mesocco;37’012
3823;Soazza;51’804
3831;Cama;50’655
3832;Grono;47’389
3834;Roveredo (GR);47’415
3835;San Vittore;49’001
3837;Calanca;35’612
3847;Val Müstair;44’405
3851;Davos;56’096
3861;Fideris;50’397
3862;Furna;41’134
3863;Jenaz;48’861
3871;Klosters-Serneus;58’086
3881;Conters im Prättigau;57’516
3882;Küblis;47’970
3891;Luzein;53’176
3901;Chur;57’816
3911;Churwalden;46’285
3921;Arosa;47’605
3932;Tschiertschen-Praden;37’791
3941;Haldenstein;60’871
3945;Trimmis;60’593
3946;Untervaz;58’078
3947;Zizers;58’619
3951;Fläsch;71’864
3952;Jenins;67’699
3953;Maienfeld;72’785
3954;Malans;69’555
3955;Landquart;53’564
3961;Grüsch;52’263
3962;Schiers;48’844
3972;Seewis im Prättigau;51’222
3981;Breil/Brigels;40’877
3982;Disentis/Mustér;43’331
3983;Medel (Lucmagn);39’220
3985;Sumvitg;41’007
3986;Tujetsch;42’989
3987;Trun;42’857
3988;Obersaxen Mundaun;36’210
4001;Aarau;64’247
4002;Biberstein;80’979
4003;Buchs (AG);60’098
4004;Densbüren;57’957
4005;Erlinsbach (AG);72’683
4006;Gränichen;56’737
4007;Hirschthal;68’153
4008;Küttigen;68’666
4009;Muhen;60’518
4010;Oberentfelden;54’427
4012;Suhr;55’863
4013;Unterentfelden;60’153
4021;Baden;69’720
4022;Bellikon;79’865
4023;Bergdietikon;90’360
4024;Birmenstorf (AG);72’123
4026;Ennetbaden;88’996
4027;Fislisbach;59’100
4028;Freienwil;67’435
4029;Gebenstorf;62’046
4030;Killwangen;65’697
4031;Künten;65’683
4032;Mägenwil;61’102
4033;Mellingen;61’069
4034;Neuenhof;50’619
4035;Niederrohrdorf;72’692
4037;Oberrohrdorf;77’063
4038;Obersiggenthal;66’708
4039;Remetschwil;85’386
4040;Spreitenbach;49’685
4041;Stetten (AG);62’196
4042;Turgi;55’528
4044;Untersiggenthal;62’276
4045;Wettingen;64’929
4046;Wohlenschwil;63’918
4047;Würenlingen;61’672
4048;Würenlos;74’610
4049;Ehrendingen;65’733
4061;Arni (AG);83’000
4062;Berikon;67’332
4063;Bremgarten (AG);62’400
4064;Büttikon;65’785
4065;Dottikon;56’295
4066;Eggenwil;66’806
4067;Fischbach-Göslikon;61’196
4068;Hägglingen;66’713
4071;Jonen;78’626
4072;Niederwil (AG);62’806
4073;Oberlunkhofen;85’451
4074;Oberwil-Lieli;110’148
4075;Rudolfstetten-Friedlisberg;66’077
4076;Sarmenstorf;60’053
4077;Tägerig;60’879
4078;Uezwil;58’749
4079;Unterlunkhofen;72’562
4080;Villmergen;57’762
4081;Widen;86’602
4082;Wohlen (AG);54’863
4083;Zufikon;69’147
4084;Islisberg;77’413
4091;Auenstein;70’011
4092;Birr;56’971
4093;Birrhard;62’914
4094;Bözen;57’768
4095;Brugg;60’134
4096;Effingen;64’813
4097;Elfingen;59’943
4099;Habsburg;79’307
4100;Hausen (AG);63’520
4104;Lupfig;60’690
4105;Mandach;63’008
4106;Mönthal;59’263
4107;Mülligen;61’683
4110;Remigen;65’778
4111;Riniken;60’114
4112;Rüfenach;65’397
4117;Thalheim (AG);60’306
4120;Veltheim (AG);58’048
4121;Villigen;61’289
4122;Villnachern;59’924
4123;Windisch;58’159
4124;Bözberg;63’501
4125;Schinznach;59’755
4131;Beinwil am See;64’208
4132;Birrwil;66’541
4133;Burg (AG);49’285
4134;Dürrenäsch;59’708
4135;Gontenschwil;53’397
4136;Holziken;56’838
4137;Leimbach (AG);59’954
4138;Leutwil;58’922
4139;Menziken;49’152
4140;Oberkulm;52’160
4141;Reinach (AG);47’254
4142;Schlossrued;53’193
4143;Schmiedrued;49’355
4144;Schöftland;56’731
4145;Teufenthal (AG);53’410
4146;Unterkulm;51’560
4147;Zetzwil;54’123
4161;Eiken;60’142
4163;Frick;63’821
4164;Gansingen;60’638
4165;Gipf-Oberfrick;67’563
4166;Herznach;65’246
4167;Hornussen;54’884
4169;Kaisten;63’257
4170;Laufenburg;59’970
4172;Münchwilen (AG);61’861
4173;Oberhof;61’890
4175;Oeschgen;63’480
4176;Schwaderloch;57’284
4177;Sisseln;65’077
4179;Ueken;58’380
4181;Wittnau;59’881
4182;Wölflinswil;57’316
4183;Zeihen;61’083
4184;Mettauertal;60’304
4191;Ammerswil;63’891
4192;Boniswil;60’402
4193;Brunegg;63’820
4194;Dintikon;60’442
4195;Egliswil;61’254
4196;Fahrwangen;52’715
4197;Hallwil;52’219
4198;Hendschiken;55’238
4199;Holderbank (AG);55’979
4200;Hunzenschwil;55’974
4201;Lenzburg;62’873
4202;Meisterschwanden;84’624
4203;Möriken-Wildegg;66’216
4204;Niederlenz;57’286
4205;Othmarsingen;59’638
4206;Rupperswil;62’659
4207;Schafisheim;60’014
4208;Seengen;73’310
4209;Seon;57’982
4210;Staufen;69’801
4221;Abtwil;59’181
4222;Aristau;68’908
4223;Auw;62’259
4224;Beinwil (Freiamt);63’231
4226;Besenbüren;62’460
4227;Bettwil;63’161
4228;Boswil;56’966
4229;Bünzen;58’270
4230;Buttwil;61’277
4231;Dietwil;61’965
4232;Geltwil;77’724
4233;Kallern;71’640
4234;Merenschwand;62’562
4235;Mühlau;58’610
4236;Muri (AG);60’756
4237;Oberrüti;64’873
4238;Rottenschwil;62’272
4239;Sins;62’901
4240;Waltenschwil;60’966
4251;Hellikon;56’949
4252;Kaiseraugst;65’058
4253;Magden;83’252
4254;Möhlin;61’229
4255;Mumpf;59’472
4256;Obermumpf;55’720
4257;Olsberg;94’574
4258;Rheinfelden;67’441
4259;Schupfart;63’198
4260;Stein (AG);62’147
4261;Wallbach;76’570
4262;Wegenstetten;57’706
4263;Zeiningen;68’254
4264;Zuzgen;63’739
4271;Aarburg;51’975
4273;Bottenwil;59’807
4274;Brittnau;58’534
4275;Kirchleerau;54’307
4276;Kölliken;56’272
4277;Moosleerau;57’089
4279;Murgenthal;53’266
4280;Oftringen;54’311
4281;Reitnau;54’935
4282;Rothrist;57’143
4283;Safenwil;54’200
4284;Staffelbach;52’853
4285;Strengelbach;53’427
4286;Uerkheim;56’331
4287;Vordemwald;56’967
4288;Wiliberg;63’523
4289;Zofingen;62’583
4301;Baldingen;70’041
4302;Böbikon;54’653
4303;Böttstein;55’141
4304;Döttingen;57’095
4305;Endingen;61’328
4306;Fisibach;61’812
4307;Full-Reuenthal;61’849
4308;Kaiserstuhl;55’989
4309;Klingnau;59’850
4310;Koblenz;52’511
4311;Leibstadt;57’044
4312;Lengnau (AG);65’867
4313;Leuggern;57’894
4314;Mellikon;61’148
4315;Rekingen (AG);52’329
4316;Rietheim;48’766
4317;Rümikon;53’861
4318;Schneisingen;64’783
4319;Siglistorf;60’442
4320;Tegerfelden;61’673
4322;Wislikofen;55’658
4323;Bad Zurzach;55’875
4401;Arbon;50’477
4406;Dozwil;62’100
4411;Egnach;60’443
4416;Hefenhofen;53’389
4421;Horn;70’838
4426;Kesswil;66’873
4431;Roggwil (TG);66’038
4436;Romanshorn;51’714
4441;Salmsach;52’697
4446;Sommeri;54’408
4451;Uttwil;68’654
4461;Amriswil;51’108
4471;Bischofszell;52’018
4476;Erlen;53’743
4486;Hauptwil-Gottshaus;58’917
4495;Hohentannen;61’440
4501;Kradolf-Schönenberg;52’837
4506;Sulgen;53’404
4511;Zihlschlacht-Sitterdorf;55’400
4536;Basadingen-Schlattingen;61’546
4545;Diessenhofen;61’305
4546;Schlatt (TG);60’219
4551;Aadorf;61’793
4561;Felben-Wellhausen;59’327
4566;Frauenfeld;61’415
4571;Gachnang;66’207
4590;Hüttlingen;59’420
4591;Matzingen;56’619
4601;Neunforn;62’062
4606;Stettfurt;77’602
4611;Thundorf;59’259
4616;Uesslingen-Buch;63’120
4621;Warth-Weiningen;97’226
4641;Altnau;62’497
4643;Bottighofen;90’071
4646;Ermatingen;79’797
4651;Gottlieben;74’690
4656;Güttingen;61’463
4666;Kemmental;58’263
4671;Kreuzlingen;57’431
4681;Langrickenbach;55’285
4683;Lengwil;57’975
4691;Münsterlingen;68’569
4696;Tägerwilen;61’696
4701;Wäldi;58’462
4711;Affeltrangen;58’906
4716;Bettwiesen;61’451
4721;Bichelsee-Balterswil;59’081
4723;Braunau;62’443
4724;Eschlikon;61’450
4726;Fischingen;59’210
4741;Lommis;64’599
4746;Münchwilen (TG);57’445
4751;Rickenbach (TG);54’071
4756;Schönholzerswilen;56’974
4761;Sirnach;57’655
4776;Tobel-Tägerschen;55’443
4781;Wängi;62’297
4786;Wilen (TG);65’676
4791;Wuppenau;65’331
4801;Berlingen;60’779
4806;Eschenz;58’373
4811;Herdern;68’423
4816;Homburg;61’490
4821;Hüttwilen;70’604
4826;Mammern;72’009
4831;Müllheim;58’983
4841;Pfyn;56’989
4846;Raperswilen;58’082
4851;Salenstein;76’003
4864;Steckborn;60’756
4871;Wagenhausen;56’850
4881;Amlikon-Bissegg;61’658
4891;Berg (TG);60’277
4901;Birwinken;55’367
4911;Bürglen (TG);50’804
4921;Bussnang;55’662
4941;Märstetten;62’675
4946;Weinfelden;58’189
4951;Wigoltingen;57’593
5001;Arbedo-Castione;51’255
5002;Bellinzona;50’697
5003;Cadenazzo;42’948
5009;Isone;46’034
5010;Lumino;54’881
5017;Sant'Antonino;49’633
5048;Acquarossa;40’475
5049;Blenio;42’276
5050;Serravalle;44’063
5061;Airolo;48’575
5063;Bedretto;82’853
5064;Bodio;37’408
5071;Dalpe;49’543
5072;Faido;41’963
5073;Giornico;42’332
5076;Personico;44’955
5077;Pollegio;44’709
5078;Prato (Leventina);42’131
5079;Quinto;46’720
5091;Ascona;57’198
5095;Brione (Verzasca);38’035
5096;Brione sopra Minusio;48’641
5097;Brissago;39’627
5102;Corippo;18’220
5105;Frasco;35’721
5108;Gordola;49’970
5112;Lavertezzo;42’637
5113;Locarno;43’141
5115;Losone;48’964
5117;Mergoscia;31’906
5118;Minusio;54’461
5120;Muralto;51’027
5121;Orselina;58’336
5125;Ronco sopra Ascona;59’320
5129;Sonogno;36’765
5131;Tenero-Contra;44’970
5135;Vogorno;37’480
5136;Onsernone;33’419
5138;Cugnasco-Gerra;51’934
5141;Agno;49’680
5143;Aranno;56’054
5144;Arogno;43’674
5146;Astano;46’325
5148;Bedano;57’649
5149;Bedigliora;44’827
5151;Bioggio;61’301
5154;Bissone;60’205
5160;Brusino Arsizio;52’104
5161;Cademario;50’100
5162;Cadempino;54’263
5167;Canobbio;64’869
5171;Caslano;44’813
5176;Comano;94’439
5178;Croglio;48’182
5180;Cureglia;78’486
5181;Curio;46’598
5186;Grancia;48’377
5187;Gravesano;62’735
5189;Lamone;44’359
5192;Lugano;62’339
5193;Magliaso;57’212
5194;Manno;61’866
5195;Maroggia;56’429
5196;Massagno;58’433
5197;Melano;51’378
5198;Melide;53’972
5199;Mezzovico-Vira;62’136
5200;Miglieglia;41’760
5202;Monteggio;42’163
5203;Morcote;73’668
5205;Muzzano;67’391
5206;Neggio;57’546
5207;Novaggio;46’265
5208;Origlio;73’347
5210;Paradiso;66’850
5212;Ponte Capriasca;60’462
5213;Ponte Tresa;41’756
5214;Porza;92’988
5216;Pura;53’331
5219;Rovio;53’231
5221;Savosa;70’945
5222;Sessa;46’762
5225;Sorengo;84’552
5226;Capriasca;52’769
5227;Torricella-Taverne;49’999
5230;Vernate;61’779
5231;Vezia;56’934
5233;Vico Morcote;81’489
5236;Collina d'Oro;95’419
5237;Alto Malcantone;47’143
5238;Monteceneri;47’923
5242;Balerna;43’800
5249;Castel San Pietro;67’182
5250;Chiasso;39’852
5251;Coldrerio;54’141
5254;Mendrisio;54’307
5257;Morbio Inferiore;50’176
5260;Novazzano;55’894
5263;Riva San Vitale;51’285
5266;Stabio;48’154
5268;Vacallo;58’241
5269;Breggia;51’144
5281;Biasca;44’393
5287;Riviera;45’066
5304;Bosco/Gurin;41’040
5307;Campo (Vallemaggia);27’450
5309;Cerentino;37’363
5310;Cevio;39’274
5315;Linescio;48’874
5317;Maggia;43’618
5323;Lavizzara;42’860
5324;Avegno Gordevio;45’837
5396;Terre di Pedemonte;54’208
5397;Centovalli;40’562
5398;Gambarogno;42’106
5401;Aigle;45’098
5402;Bex;44’991
5403;Chessel;48’731
5404;Corbeyrier;48’920
5405;Gryon;37’612
5406;Lavey-Morcles;43’920
5407;Leysin;39’124
5408;Noville;58’544
5409;Ollon;52’666
5410;Ormont-Dessous;40’647
5411;Ormont-Dessus;38’994
5412;Rennaz;48’605
5413;Roche (VD);46’846
5414;Villeneuve (VD);48’265
5415;Yvorne;55’507
5421;Apples;69’721
5422;Aubonne;80’324
5423;Ballens;58’641
5424;Berolle;59’837
5425;Bière;49’448
5426;Bougy-Villars;116’101
5427;Féchy;123’618
5428;Gimel;54’393
5429;Longirod;67’362
5430;Marchissy;62’916
5431;Mollens (VD);56’151
5432;Montherod;59’776
5434;Saint-George;69’777
5435;Saint-Livres;65’507
5436;Saint-Oyens;76’200
5437;Saubraz;66’283
5451;Avenches;47’581
5456;Cudrefin;65’202
5458;Faoug;61’560
5464;Vully-les-Lacs;60’209
5471;Bettens;65’007
5472;Bournens;78’263
5473;Boussens;71’906
5474;La Chaux (Cossonay);63’789
5475;Chavannes-le-Veyron;58’941
5476;Chevilly;69’250
5477;Cossonay;58’663
5478;Cottens (VD);71’703
5479;Cuarnens;68’948
5480;Daillens;73’984
5481;Dizy;61’802
5482;Eclépens;63’366
5483;Ferreyres;73’705
5484;Gollion;66’481
5485;Grancy;74’634
5486;L'Isle;59’156
5487;Lussery-Villars;65’559
5488;Mauraz;72’006
5489;Mex (VD);88’419
5490;Moiry;56’342
5491;Mont-la-Ville;65’195
5492;Montricher;200’554
5493;Orny;54’130
5494;Pampigny;62’879
5495;Penthalaz;56’874
5496;Penthaz;64’240
5497;Pompaples;49’062
5498;La Sarraz;57’717
5499;Senarclens;68’976
5500;Sévery;61’570
5501;Sullens;72’578
5503;Vufflens-la-Ville;77’471
5511;Assens;71’430
5512;Bercher;59’747
5513;Bioley-Orjulaz;66’155
5514;Bottens;65’594
5515;Bretigny-sur-Morrens;65’922
5516;Cugy (VD);71’442
5518;Echallens;58’303
5520;Essertines-sur-Yverdon;64’121
5521;Etagnières;69’554
5522;Fey;64’059
5523;Froideville;67’103
5527;Morrens (VD);65’262
5529;Oulens-sous-Echallens;69’906
5530;Pailly;65’961
5531;Penthéréaz;65’674
5533;Poliez-Pittet;63’728
5534;Rueyres;60’713
5535;Saint-Barthélemy (VD);57’651
5537;Villars-le-Terroir;64’681
5539;Vuarrens;62’788
5540;Montilliez;66’479
5541;Goumoëns;67’013
5551;Bonvillars;65’823
5552;Bullet;50’412
5553;Champagne;61’661
5554;Concise;51’399
5555;Corcelles-près-Concise;57’008
5556;Fiez;61’485
5557;Fontaines-sur-Grandson;52’122
5559;Giez;77’264
5560;Grandevent;61’789
5561;Grandson;59’492
5562;Mauborget;42’581
5563;Mutrux;60’357
5564;Novalles;61’126
5565;Onnens (VD);62’079
5566;Provence;42’697
5568;Sainte-Croix;39’377
5571;Tévenon;56’344
5581;Belmont-sur-Lausanne;93’276
5582;Cheseaux-sur-Lausanne;63’520
5583;Crissier;53’778
5584;Epalinges;78’871
5585;Jouxtens-Mézery;150’602
5586;Lausanne;54’396
5587;Le Mont-sur-Lausanne;77’312
5588;Paudex;93’590
5589;Prilly;49’527
5590;Pully;91’084
5591;Renens (VD);44’468
5592;Romanel-sur-Lausanne;55’604
5601;Chexbres;65’883
5604;Forel (Lavaux);63’834
5606;Lutry;98’090
5607;Puidoux;59’695
5609;Rivaz;66’072
5610;Saint-Saphorin (Lavaux);87’681
5611;Savigny;67’975
5613;Bourg-en-Lavaux;87’407
5621;Aclens;64’458
5622;Bremblens;95’204
5623;Buchillon;128’668
5624;Bussigny;57’689
5625;Bussy-Chardonney;77’860
5627;Chavannes-près-Renens;45’472
5628;Chigny;119’269
5629;Clarmont;78’675
5631;Denens;83’077
5632;Denges;70’356
5633;Echandens;79’420
5634;Echichens;80’596
5635;Ecublens (VD);56’063
5636;Etoy;68’084
5637;Lavigny;68’012
5638;Lonay;78’900
5639;Lully (VD);95’433
5640;Lussy-sur-Morges;142’256
5642;Morges;62’803
5643;Préverenges;74’417
5644;Reverolle;73’400
5645;Romanel-sur-Morges;73’763
5646;Saint-Prex;80’319
5648;Saint-Sulpice (VD);104’019
5649;Tolochenaz;70’319
5650;Vaux-sur-Morges;374’308
5651;Villars-Sainte-Croix;75’996
5652;Villars-sous-Yens;73’007
5653;Vufflens-le-Château;104’943
5654;Vullierens;64’754
5655;Yens;95’501
5661;Boulens;61’312
5663;Bussy-sur-Moudon;51’592
5665;Chavannes-sur-Moudon;54’077
5669;Curtilles;52’178
5671;Dompierre (VD);51’342
5673;Hermenches;55’421
5674;Lovatens;44’578
5675;Lucens;46’717
5678;Moudon;43’741
5680;Ogens;53’847
5683;Prévonloup;53’147
5684;Rossenges;86’704
5688;Syens;71’566
5690;Villars-le-Comte;52’290
5692;Vucherens;61’901
5693;Montanaire;56’391
5701;Arnex-sur-Nyon;90’518
5702;Arzier-Le Muids;83’063
5703;Bassins;78’584
5704;Begnins;93’070
5705;Bogis-Bossey;91’493
5706;Borex;95’063
5707;Chavannes-de-Bogis;92’897
5708;Chavannes-des-Bois;115’094
5709;Chéserex;100’971
5710;Coinsins;96’983
5711;Commugny;122’181
5712;Coppet;126’215
5713;Crans-près-Céligny;127’858
5714;Crassier;85’366
5715;Duillier;88’568
5716;Eysins;86’428
5717;Founex;121’914
5718;Genolier;114’045
5719;Gingins;103’663
5720;Givrins;103’921
5721;Gland;67’539
5722;Grens;79’567
5723;Mies;128’974
5724;Nyon;76’495
5725;Prangins;94’890
5726;La Rippe;85’318
5727;Saint-Cergue;57’375
5728;Signy-Avenex;88’093
5729;Tannay;117’088
5730;Trélex;114’060
5731;Le Vaud;82’743
5732;Vich;88’246
5741;L'Abergement;65’893
5742;Agiez;58’217
5743;Arnex-sur-Orbe;60’408
5744;Ballaigues;46’807
5745;Baulmes;52’186
5746;Bavois;56’331
5747;Bofflens;54’271
5748;Bretonnières;56’075
5749;Chavornay;54’224
5750;Les Clées;58’366
5752;Croy;47’925
5754;Juriens;54’084
5755;Lignerolle;53’762
5756;Montcherand;72’493
5757;Orbe;51’344
5758;La Praz;60’863
5759;Premier;53’827
5760;Rances;58’862
5761;Romainmôtier-Envy;50’480
5762;Sergey;51’083
5763;Valeyres-sous-Rances;67’080
5764;Vallorbe;44’618
5765;Vaulion;45’553
5766;Vuiteboeuf;52’966
5785;Corcelles-le-Jorat;66’223
5788;Essertes;62’915
5790;Maracon;61’222
5792;Montpreveyres;59’628
5798;Ropraz;59’405
5799;Servion;67’183
5803;Vulliens;60’810
5804;Jorat-Menthue;59’587
5805;Oron;52’640
5806;Jorat-Mézières;60’998
5812;Champtauroz;51’435
5813;Chevroux;57’122
5816;Corcelles-près-Payerne;48’212
5817;Grandcour;53’000
5819;Henniez;51’692
5821;Missy;49’975
5822;Payerne;45’605
5827;Trey;51’353
5828;Treytorrens (Payerne);43’928
5830;Villarzel;57’220
5831;Valbroye;50’597
5841;Château-d'Oex;41’335
5842;Rossinière;47’520
5843;Rougemont;57’650
5851;Allaman;80’125
5852;Bursinel;102’189
5853;Bursins;82’591
5854;Burtigny;70’055
5855;Dully;143’504
5856;Essertines-sur-Rolle;89’769
5857;Gilly;93’982
5858;Luins;88’323
5859;Mont-sur-Rolle;81’353
5860;Perroy;89’372
5861;Rolle;78’362
5862;Tartegnin;75’649
5863;Vinzel;85’400
5871;L'Abbaye;53’006
5872;Le Chenit;52’977
5873;Le Lieu;52’705
5881;Blonay;84’628
5882;Chardonne;73’927
5883;Corseaux;91’964
5884;Corsier-sur-Vevey;55’742
5885;Jongny;87’237
5886;Montreux;53’395
5888;Saint-Légier-La Chiésaz;85’911
5889;La Tour-de-Peilz;69’303
5890;Vevey;51’249
5891;Veytaux;53’868
5902;Belmont-sur-Yverdon;61’043
5903;Bioley-Magnoux;51’889
5904;Chamblon;66’883
5905;Champvent;58’922
5907;Chavannes-le-Chêne;53’955
5908;Chêne-Pâquier;60’216
5909;Cheseaux-Noréaz;89’850
5910;Cronay;59’503
5911;Cuarny;59’647
5912;Démoret;51’711
5913;Donneloye;59’280
5914;Ependes (VD);53’419
5919;Mathod;52’840
5921;Molondin;49’396
5922;Montagny-près-Yverdon;59’503
5923;Oppens;57’983
5924;Orges;61’325
5925;Orzens;57’721
5926;Pomy;63’196
5928;Rovray;66’453
5929;Suchy;67’320
5930;Suscévaz;56’606
5931;Treycovagnes;65’141
5932;Ursins;64’411
5933;Valeyres-sous-Montagny;62’133
5934;Valeyres-sous-Ursins;58’146
5935;Villars-Epeney;84’352
5937;Vugelles-La Mothe;54’481
5938;Yverdon-les-Bains;46’882
5939;Yvonand;52’060
6002;Brig-Glis;53’901
6004;Eggerberg;47’268
6007;Naters;50’039
6008;Ried-Brig;55’031
6009;Simplon;45’714
6010;Termen;54’590
6011;Zwischbergen;46’731
6021;Ardon;46’592
6022;Chamoson;46’315
6023;Conthey;45’988
6024;Nendaz;38’023
6025;Vétroz;50’144
6031;Bagnes;63’472
6032;Bourg-Saint-Pierre;36’956
6033;Liddes;39’012
6034;Orsières;42’878
6035;Sembrancher;41’147
6036;Vollèges;49’640
6052;Bellwald;20’555
6054;Binn;31’621
6056;Ernen;31’273
6057;Fiesch;34’576
6058;Fieschertal;39’109
6061;Lax;29’175
6076;Obergoms;38’767
6077;Goms;36’164
6082;Ayent;39’198
6083;Evolène;37’056
6084;Hérémence;38’962
6087;Saint-Martin (VS);38’554
6089;Vex;31’415
6090;Mont-Noble;43’035
6101;Agarn;45’226
6102;Albinen;30’550
6104;Ergisch;43’038
6109;Inden;35’045
6110;Leuk;44’968
6111;Leukerbad;28’598
6112;Oberems;27’158
6113;Salgesch;56’227
6116;Varen;41’806
6117;Guttet-Feschel;39’161
6118;Gampel-Bratsch;46’352
6119;Turtmann-Unterems;45’488
6131;Bovernier;43’685
6132;Charrat;47’965
6133;Fully;50’033
6134;Isérables;36’514
6135;Leytron;44’999
6136;Martigny;50’321
6137;Martigny-Combe;50’010
6139;Riddes;39’213
6140;Saillon;50’174
6141;Saxon;43’109
6142;Trient;38’538
6151;Champéry;46’822
6152;Collombey-Muraz;51’372
6153;Monthey;49’836
6154;Port-Valais;51’365
6155;Saint-Gingolph;39’152
6156;Troistorrents;46’911
6157;Val-d'Illiez;38’393
6158;Vionnaz;48’172
6159;Vouvry;50’055
6172;Bister;35’037
6173;Bitsch;47’859
6177;Grengiols;32’589
6181;Riederalp;23’943
6191;Ausserberg;46’867
6192;Blatten;41’092
6193;Bürchen;35’122
6194;Eischoll;36’721
6195;Ferden;40’402
6197;Kippel;38’869
6198;Niedergesteln;50’576
6199;Raron;50’490
6201;Unterbäch;40’890
6202;Wiler (Lötschen);34’455
6203;Mörel-Filet;35’100
6204;Steg-Hohtenn;47’349
6205;Bettmeralp;33’223
6211;Collonges;48’846
6212;Dorénaz;44’008
6213;Evionnaz;45’903
6214;Finhaut;44’191
6215;Massongex;48’424
6217;Saint-Maurice;42’502
6218;Salvan;39’210
6219;Vernayaz;43’818
6220;Vérossaz;51’381
6232;Chalais;42’504
6235;Chippis;43’528
6238;Grône;40’753
6239;Icogne;47’944
6240;Lens;57’140
6241;Miège;54’360
6246;Saint-Léonard;49’376
6248;Sierre;45’520
6249;Venthône;56’882
6250;Veyras;51’122
6252;Anniviers;31’302
6253;Crans-Montana;46’389
6261;Arbaz;44’867
6263;Grimisuat;60’274
6265;Savièse;54’611
6266;Sion;49’746
6267;Veysonnaz;30’088
6281;Baltschieder;55’867
6282;Eisten;34’443
6283;Embd;40’477
6285;Grächen;30’853
6286;Lalden;55’346
6287;Randa;36’371
6288;Saas-Almagell;37’251
6289;Saas-Balen;40’628
6290;Saas-Fee;36’982
6291;Saas-Grund;39’054
6292;St. Niklaus;41’671
6293;Stalden (VS);46’733
6294;Staldenried;42’526
6295;Täsch;38’754
6296;Törbel;43’463
6297;Visp;54’669
6298;Visperterminen;51’376
6299;Zeneggen;45’478
6300;Zermatt;54’618
6404;Boudry;52’522
6407;Corcelles-Cormondrèche;64’911
6408;Cortaillod;56’887
6412;Peseux;48’046
6413;Rochefort;56’404
6416;Milvignes;62’397
6417;La Grande Béroche;60’319
6421;La Chaux-de-Fonds;43’939
6422;Les Planchettes;48’797
6423;La Sagne;46’864
6431;Les Brenets;50’195
6432;La Brévine;46’440
6433;Brot-Plamboz;55’462
6434;Le Cerneux-Péquignot;51’680
6435;La Chaux-du-Milieu;49’562
6436;Le Locle;42’261
6437;Les Ponts-de-Martel;46’664
6451;Cornaux;49’760
6452;Cressier (NE);49’260
6453;Enges;54’016
6454;Hauterive (NE);56’835
6455;Le Landeron;51’679
6456;Lignières;51’959
6458;Neuchâtel;51’619
6459;Saint-Blaise;65’386
6461;La Tène;54’406
6485;Valangin;45’982
6487;Val-de-Ruz;53’828
6504;La Côte-aux-Fées;37’539
6511;Les Verrières;38’616
6512;Val-de-Travers;42’261
6601;Aire-la-Ville;84’418
6602;Anières;188’489
6603;Avully;62’943
6604;Avusy;91’810
6605;Bardonnex;74’266
6606;Bellevue;80’175
6607;Bernex;73’328
6608;Carouge (GE);60’641
6609;Cartigny;96’399
6610;Céligny;114’236
6611;Chancy;63’707
6612;Chêne-Bougeries;112’249
6613;Chêne-Bourg;57’714
6614;Choulex;106’665
6615;Collex-Bossy;82’626
6616;Collonge-Bellerive;147’919
6617;Cologny;278’479
6618;Confignon;82’391
6619;Corsier (GE);138’821
6620;Dardagny;58’156
6621;Genève;60’988
6622;Genthod;157’936
6623;Le Grand-Saconnex;60’053
6624;Gy;106’079
6625;Hermance;110’098
6626;Jussy;112’399
6627;Laconnex;85’618
6628;Lancy;57’073
6629;Meinier;83’091
6630;Meyrin;50’191
6631;Onex;54’313
6632;Perly-Certoux;66’208
6633;Plan-les-Ouates;74’517
6634;Pregny-Chambésy;123’574
6635;Presinge;78’915
6636;Puplinge;73’561
6637;Russin;141’600
6638;Satigny;74’850
6639;Soral;80’929
6640;Thônex;64’594
6641;Troinex;101’251
6642;Vandoeuvres;185’997
6643;Vernier;46’000
6644;Versoix;66’676
6645;Veyrier;100’788
6702;Boécourt;48’982
6703;Bourrignon;43’606
6704;Châtillon (JU);53’086
6706;Courchapoix;43’373
6708;Courrendlin;47’355
6709;Courroux;52’273
6710;Courtételle;51’181
6711;Delémont;47’901
6712;Develier;50’383
6713;Ederswiler;42’484
6715;Mervelier;44’946
6716;Mettembert;51’017
6718;Movelier;46’533
6719;Pleigne;44’974
6721;Rossemaison;57’773
6722;Saulcy;41’798
6724;Soyhières;44’355
6729;Haute-Sorne;44’129
6730;Val Terbi;47’079
6741;Le Bémont (JU);47’406
6742;Les Bois;55’690
6743;Les Breuleux;62’936
6744;La Chaux-des-Breuleux;46’398
6745;Les Enfers;46’957
6748;Les Genevez (JU);47’995
6750;Lajoux (JU);46’445
6751;Montfaucon;44’820
6753;Muriaux;55’717
6754;Le Noirmont;51’127
6757;Saignelégier;46’484
6758;Saint-Brais;42’242
6759;Soubey;36’474
6771;Alle;44’706
6773;Beurnevésin;39’219
6774;Boncourt;49’074
6775;Bonfol;41’549
6778;Bure;51’050
6781;Coeuve;50’600
6782;Cornol;44’515
6783;Courchavon;50’346
6784;Courgenay;45’885
6785;Courtedoux;48’765
6787;Damphreux;42’183
6789;Fahy;41’503
6790;Fontenais;48’639
6792;Grandfontaine;41’554
6793;Lugnez;41’986
6800;Porrentruy;45’844
6806;Vendlincourt;42’819
6807;Basse-Allaine;41’708
6808;Clos du Doubs;40’638
6809;Haute-Ajoie;43’426
6810;La Baroche;42’255